4,2,operator,jroesler,Jake Roesler,gr0upp455,,,2011-06-15 13:15:00,rpenfield,,,2011-06-15 13:15:00,jroesler@mycompany.com
5,2,operator,slund,Signe Lund,gr0upp455,,,2011-06-15 13:15:00,rpenfield,,,2011-06-15 13:15:00,slund@mycompany.com
6,2,operator,pkumar,Phillip Kumar,gr0upp455,,,2011-06-15 13:15:00,rpenfield,,,2011-06-15 13:15:00,pkumar@mycompany.com
7,2,operator,hpompa,Hyman Pompa,gr0upp455,,,2011-06-15 13:15:00,rpenfield,,,2011-06-15 13:15:00,hpompa@mycompany.com
8,2,operator,spangler,Sharolyn Spangler,gr0upp455,,,2011-06-15 13:15:00,rpenfield,,,2011-06-15 13:15:00,spangler@mycompany.com
9,2,operator,nbeltz,Nga Beltz,gr0upp455,,,2011-06-15 13:15:00,rpenfield,,,2011-06-15 13:15:00,beltz@mycompany.com
10,2,operator,rarzate,Reagan Arzate,gr0upp455,,,2011-06-15 13:15:00,rpenfield,,,2011-06-15 13:15:00,rarzate@mycompany.com
11,2,operator,csouza,Cherise Souza,gr0upp455,,,2011-06-15 13:15:00,rpenfield,,,2011-06-15 13:15:00,csouza@mycompany.com
12,2,operator,dburgess,Dee Burgess,gr0upp455,,,2011-06-15 13:15:00,rpenfield,,,2011-06-15 13:15:00,dburgess@mycompany.com
13,2,operator,stsui,Starla Tsui,gr0upp455,,,2011-06-15 13:15:00,rpenfield,,,2011-06-15 13:15:00,stsui@mycompany.com
14,3,user,mtardy,Maurine Tardy,t3mpp455,,,2011-06-15 14:15:00,tmeldrum,,,2011-06-15 14:15:00,mtardy@mycompany.com
15,3,user,abarnum,Ariel Barnum,t3mpp455,,,2011-06-15 14:15:00,tmeldrum,,,2011-06-15 14:15:00,abarnum@mycompany.com
16,3,user,knygren,Kermit Nygren,t3mpp455,,,2011-06-15 14:15:00,tmeldrum,,,2011-06-15 14:15:00,knygren@mycompany.com
17,3,user,nnew,Nieves New,t3mpp455,,,2011-06-15 14:15:00,tmeldrum,,,2011-06-15 14:15:00,nnew@mycompany.com
18,3,user,tmenzie,Tim Menzie,t3mpp455,,,2011-06-15 14:15:00,tmeldrum,,,2011-06-15 14:15:00,tmenzie@mycompany.com
19,3,user,ehaight,Ericka Haight,t3mpp455,,,2011-06-15 14:15:00,tmeldrum,,,2011-06-15 14:15:00,ehaight@mycompany.com
20,3,user,bauxier,Bart Auxier,t3mpp455,,,2011-06-15 14:15:00,tmeldrum,,,2011-06-15 14:15:00,bauxier@mycompany.com
21,3,user,mlarin,Mohamed Larin,t3mpp455,,,2011-06-15 14:15:00,tmeldrum,,,2011-06-15 14:15:00,mlarin@mycompany.com
22,3,user,jvanderbilt,Julianne Vanderbilt,t3mpp455,,,2011-06-15 14:15:00,tmeldrum,,,2011-06-15 14:15:00,jvanderbilt@mycompany.com
23,3,user,bwiggs,Benjamin Wiggs,t3mpp455,,,2011-06-15 14:15:00,tmeldrum,,,2011-06-15 14:15:00,bwiggs@mycompany.com
24,3,user,dfaucett,Dwayne Faucett,t3mpp455,,,2011-06-15 14:15:00,tmeldrum,,,2011-06-15 14:15:00,dfaucett@mycompany.com
25,3,user,esepeda,Ernesto Sepeda,t3mpp455,,,2011-06-15 14:15:00,tmeldrum,,,2011-06-15 14:15:00,esepeda@mycompany.com
26,3,user,dgrimes,Dwain Grimes,t3mpp455,,,2011-06-15 14:15:00,tmeldrum,,,2011-06-15 14:15:00,dgrimes@mycompany.com
27,3,user,eparrett,Era Parrett,t3mpp455,,,2011-06-15 14:15:00,tmeldrum,,,2011-06-15 14:15:00,eparrett@mycompany.com
28,3,user,mroyster,Ming Royster,t3mpp455,,,2011-06-15 14:15:00,tmeldrum,,,2011-06-15 14:15:00,mroyster@mycompany.com
29,3,user,jeble,Jackie Eble,t3mpp455,,,2011-06-15 14:15:00,tmeldrum,,,2011-06-15 14:15:00,jeble@mycompany.com
30,3,user,lolin,Lulu Olin,t3mpp455,,,2011-06-15 14:15:00,tmeldrum,,,2011-06-15 14:15:00,lolin@mycompany.com
31,3,user,hmedcalf,Helen Medcalf,t3mpp455,,,2011-06-15 14:15:00,tmeldrum,,,2011-06-15 14:15:00,hmedcalf@mycompany.com
32,3,user,bkinder,Bruna Kinder,t3mpp455,,,2011-06-15 14:15:00,tmeldrum,,,2011-06-15 14:15:00,bkinder@mycompany.com
33,3,user,hferdinand,Hai Ferdinand,t3mpp455,,,2011-06-15 14:15:00,tmeldrum,,,2011-06-15 14:15:00,hferdinand@mycompany.com
34,3,user,tbjorklund,Theresia Bjorklund,t3mpp455,,,2011-06-15 14:15:00,tmeldrum,,,2011-06-15 14:15:00,tbjorklund@mycompany.com
35,3,user,sdeloney,Suzi Deloney,t3mpp455,,,2011-06-15 14:15:00,tmeldrum,,,2011-06-15 14:15:00,sdeloney@mycompany.com
36,3,user,aganser,Anamaria Ganser,t3mpp455,,,2011-06-15 14:15:00,tmeldrum,,,2011-06-15 14:15:00,aganser@mycompany.com
37,3,user,sborland,Sona Borland,t3mpp455,,,2011-06-15 14:15:00,tmeldrum,,,2011-06-15 14:15:00,sborland@mycompany.com
38,3,user,lmichaels,Lucinda Michaels,t3mpp455,,,2011-06-15 14:15:00,tmeldrum,,,2011-06-15 14:15:00,lmichaels@mycompany.com
39,3,user,nnovotny,Nada Novotny,t3mpp455,,,2011-06-15 14:15:00,tmeldrum,,,2011-06-15 14:15:00,nnovotny@mycompany.com
40,3,user,eleitz,Ermelinda Leitz,t3mpp455,,,2011-06-15 14:15:00,tmeldrum,,,2011-06-15 14:15:00,eleitz@mycompany.com
41,3,user,ctrembley,Claud Trembley,t3mpp455,,,2011-06-15 14:15:00,tmeldrum,,,2011-06-15 14:15:00,ctrembley@mycompany.com
42,3,user,dgallardo,Dominga Gallardo,t3mpp455,,,2011-06-15 14:15:00,tmeldrum,,,2011-06-15 14:15:00,dgallardo@mycompany.com
43,3,user,scullen,Sharika Cullen,t3mpp455,,,2011-06-15 14:15:00,tmeldrum,,,2011-06-15 14:15:00,scullen@mycompany.com
44,3,user,jjanus,Jesse Janus,t3mpp455,,,2011-06-15 14:15:00,tmeldrum,,,2011-06-15 14:15:00,jjanus@mycompany.com
45,3,user,dhalterman,Dorthea Halterman,t3mpp455,,,2011-06-15 14:15:00,tmeldrum,,,2011-06-15 14:15:00,dhalterman@mycompany.com
46,3,user,jverdejo,Jesusa Verdejo,t3mpp455,,,2011-06-15 14:15:00,tmeldrum,,,2011-06-15 14:15:00,jverdejo@mycompany.com
47,3,user,crudisill,Coleen Rudisill,t3mpp455,,,2011-06-15 14:15:00,tmeldrum,,,2011-06-15 14:15:00,crudisill@mycompany.com
48,4,viewer,sclutts,Sang Clutts,viewp455,,,2011-06-15 15:15:00,rpenfield,,,2011-06-15 15:15:00,sclutts@mycompany.com
49,4,viewer,ekivett,Ellen Kivett,viewp455,,,2011-06-15 15:15:00,rpenfield,,,2011-06-15 15:15:00,ekivett@mycompany.com
50,4,viewer,mrollins,Mabelle Rollins,viewp455,,,2011-06-15 15:15:00,rpenfield,,,2011-06-15 15:15:00,mrollins@mycompany.com
51,4,viewer,rhile,Roxanne Hile,viewp455,,,2011-06-15 15:15:00,rpenfield,,,2011-06-15 15:15:00,rhile@mycompany.com
